{
  "initial_capital": 5000000,
  "final_capital": 8571798.620000133,
  "total_return": 0.7143597240000267,
  "total_pnl": 3571798.6200001333,
  "peak_capital": 8955982.42500006,
  "max_drawdown": -0.043048071859065215,
  "total_trades": 2704,
  "winning_trades": 1804,
  "losing_trades": 900,
  "win_rate": 0.6671597633136095,
  "was_halted": false
}