{
  "initial_capital": 5000000,
  "final_capital": 7008109.975000058,
  "total_return": 0.40162199500001167,
  "total_pnl": 2008109.9750000583,
  "peak_capital": 7111303.20000005,
  "max_drawdown": -0.014511155283041585,
  "total_trades": 1242,
  "winning_trades": 823,
  "losing_trades": 419,
  "win_rate": 0.6626409017713365,
  "was_halted": true
}