strategy_family,variant,data_used_for_params,bar_minutes,ma_window,k,max_hold_bars,volume_window,vol_ratio,omega,alpha,beta,alpha_plus_beta,unconditional_vol,validation_return,validation_sharpe,max_dd,log_return,turnover,periods_per_year
momentum,garch_bb_momentum_volume,original,20,20,1.5,10,20.0,1.2,1.8306026385475791e-07,0.22908881811039936,0.7082699786580268,0.9373587967684262,0.0017094916994933706,0.02195283584321328,1.5574689976325211,-0.005615167407271193,0.021715341835224295,21.0,11962.125
contrarian,standard_bb_contrarian,original,15,20,2.5,0,,,,,,,,0.025752529320786754,1.2702683193664832,-0.03152843849325804,0.02542651816289137,119.0,15826.78125
momentum,garch_bb_momentum_volume,day,5,20,1.5,5,40.0,0.8,4.55378524952169e-08,0.17759638676665634,0.787411518834891,0.9650079056015474,0.0011407784391241143,0.007508151382521477,3.033290488647236,-0.0008693647158715123,0.007480105508226008,14.0,18733.135135135137
contrarian,garch_bb_contrarian_volume,day,5,40,2.0,0,20.0,1.2,4.55378524952169e-08,0.17759638676665634,0.787411518834891,0.9650079056015474,0.0011407784391241143,3.704252481862014e-05,1.3048765086025202,0.0,3.704183876123981e-05,1.0,18733.135135135137
momentum,garch_bb_momentum_volume,night,15,20,2.5,5,20.0,1.2,3.837516835129083e-08,0.13615343536890964,0.8182963640292209,0.9544497993981306,0.0009178675155096894,0.03643294371767092,2.0867505042892427,-0.014948356895911341,0.03578495588306242,147.0,9091.894736842105
contrarian,standard_bb_contrarian,night,15,20,2.5,0,,,,,,,,0.01889571138144519,1.0417170949578343,-0.031528438493257815,0.01871940492205943,105.0,9091.894736842105
